title;inn;address;supervisor;phone
"Общество с ограниченной ответственностью ""КУПОЛ""";7840065006;105037, Г.Москва, вн.тер. г. Муниципальный Округ Измайлово, ул Первомайская, дом 18, помещение 1/1, комната 12;Константин Егоров;79011112233
"ООО ""КОНКУРЕНТНЫЕ ЗАКУПКИ""";9705008037;105037, Г.Москва, вн.тер. г. Муниципальный Округ Измайлово, ул Первомайская, дом 18, помещение 1/1, комната 12;Дмитрий Лапин;79011112245
"ООО ""АСТ ГОЗ""";7728312865;105037, Г.Москва, вн.тер. г. Муниципальный Округ Измайлово, ул Первомайская, дом 18, помещение 1/1, комната 12;Джурмат Арноби;79011112257
"ООО ""Тильда Паблишинг""";7722391042;105066, Москва г, Спартаковская ул, дом № 2А, строение 2;Филипп Тревор;79011112269
"ООО ""АРГОН""";7810354635;105066, Москва г, Спартаковская ул, дом № 2А, строение 2;Константин Егоров;79011112281
"ООО ""АТРИУМСТРОЙ""";7802521138;105187, Москва г, Кирпичная ул, дом № 32, корпус 24;Дмитрий Лапин;79011112293
"ООО ""СТРОЙПЕРСПЕКТИВА""";7810836244;107140, Москва г, Краснопрудная ул, дом № 26;Джурмат Арноби;79011112305
"ООО ""СК ПЕТРОСОЮЗ""";7841018930;109263, Москва г., Шкулева ул, д.15/18, кор.1;Константин Егоров;79011112317
"ООО ""СТРОЙТЕХМОНТАЖ""";3528247160;109428, Москва г, Рязанский пр-кт, дом № 24, корпус 2;Дмитрий Лапин;79011112329
"ООО ""Весна""";5614068440;109451, Москва г, Братиславская ул, дом № 16, корпус 1, квартира Пом.3;Джурмат Арноби;79011112341
"ООО  ""СТРОЙСТИЛЬ""";1840021618;109451, Москва г, Братиславская ул, дом № 16, корпус 1, квартира Пом.3;Филипп Тревор;79011112353
"СПБООИ ""СОЮЗСПОРТТЕАТР""";7825119458;109469, Москва г, Братиславская ул, дом № 29, корпус 1;Константин Егоров;79011112365
"ОАО ""Мостострой №6""";7812046562;111024, Москва г, Авиамоторная ул, дом № 50, строение 2, офис 342;Дмитрий Лапин;79011112377
"ООО ""СПИК ИНТЕРНАЦИОНАЛЕ С.Р.Л."" ";9909421570;111024, Москва г, Авиамоторная ул, дом № 50, строение 2, офис 342;Джурмат Арноби;79011112389
"ООО ""СМУ N 1""";5260234539;111024, Москва г, Авиамоторная ул, дом № 50, строение 2, офис 342;Константин Егоров;79011112401
"ООО ""СтройТехСистема""";3435114143;111024, Москва г, Андроновское ш, дом № 26, строение 17, оф.11;Дмитрий Лапин;79011112413
"Комитет финансов г.Санкт-Петербург (ГБУДО ДДТ ""Фонтанка-32"")";7825426794;115114, Москва г, Кожевническая ул, дом 14, строение 5;Филипп Тревор;79011112437
"Общество с ограниченной ответственностью ""Корпорация Акционерной Компании ""Электросевкавмонтаж""";2312065504;115114, Москва г, Кожевническая ул, дом 14, строение 5;Константин Егоров;79011112449
"Общество с ограниченной ответственностью ""СДК""";7813270180;115280, Москва г, Велозаводская ул, дом № 9;Дмитрий Лапин;79011112461
Филиал АО «Концерн Росэнергоатом» «Нововоронежская атомная станция»;7721632827;115280, Москва г, Велозаводская ул, дом № 9;Джурмат Арноби;79011112473
"ПАО ""ФСК ЕЭС""";4716016979;115409, Москва г, Каширское ш, дом 58, корпус 3;Константин Егоров;79011112485
"Общество с ограниченной ответственностью ""ЮСКОМ""";6118008728;115409, Москва г, Каширское ш, дом 58, корпус 3;Дмитрий Лапин;79011112497
"Акционерное общество ""Интер РАО - Электрогенерация""";7704784450;115409, Москва г, Каширское ш, дом 58, корпус 3;Джурмат Арноби;79011112509
"АКЦИОНЕРНОЕ ОБЩЕСТВО ""КОНЦЕРН ТИТАН-2""";7827004484;115419, Москва г, Рощинский 2-й проезд, дом № 8, корпус 4;Филипп Тревор;79011112521
"ООО ""ТЭСЛА СПБ""";7811737278;115419, Москва г, Рощинский 2-й проезд, дом № 8, корпус 4;Константин Егоров;79011112533
"ООО ""Северное РСО""";7810538939;117186, Москва г, Нагорная ул, дом № 15, корпус 8;Джурмат Арноби;79011112557
"ООО ""Госзаказ.ру""";5404481676;117186, Москва г, Нагорная ул, дом № 15, корпус 8;Константин Егоров;79011112569
"ООО ""Антарес""";7810590512;117535, Москва г, Дорожная ул, дом № 34, корпус 2, квартира 4;Дмитрий Лапин;79011112581
"ООО ""РМТ ""Стройконтакт""";7826039822;117545, Москва г, Дорожный 1-й проезд, дом № 6, строение 6;Джурмат Арноби;79011112593
"ООО ""ОПМ-СПБ""";7802846947;117545, Москва г, Дорожный 1-й проезд, дом № 6, строение 6;Филипп Тревор;79011112605
"ООО ""ИНТЕРКОНЦЕРН""";7826172750;117997, Москва г, Вавилова ул, дом № 19;Константин Егоров;79011112617
"ООО ""ТЕХНИКА СЕВЕРО-ЗАПАД""";7816546911;119017, Москва г, Погорельский пер, дом 7, строение 2;Дмитрий Лапин;79011112629
"ООО ""ГРАНД-СТЭЙЛ""";7726751289;119017, Москва г, Погорельский пер, дом 7, строение 2;Джурмат Арноби;79011112641
"ООО ""ЮЛМАРТ РСК""";7814522256;119435, Москва г, Пироговская Б. ул, дом № 27, корпус 2;Константин Егоров;79011112653
"ООО ""ОнЛайн Трейд""";7735092378;119435, Москва г, Погодинская ул, дом № 20/3, строение 1;Дмитрий Лапин;79011112665
"ООО ""КОМПАНИЯ КЕРОМАГ""";7841501470;119435, Москва г, Саввинский Б. пер, дом № 2-4-6, корпус 10;Джурмат Арноби;79011112677
"ООО ""АММ""";7814164339;123022, Москва г, Красная Пресня ул, дом № 24;Филипп Тревор;79011112689
"ООО ""БАЗА СНАБЖЕНИЯ СДА""";5190040287;123022, Москва г, Красная Пресня ул, дом № 24;Константин Егоров;79011112701
"ООО ""Промэлектросвет""";5190306025;123112, Москва г, наб. Пресненская, дом 10, помещение I, этаж 41, комната 6;Дмитрий Лапин;79011112713
"ГУП ""Водоканал Санкт-Петербурга""";7830000426;123112, Москва г, наб. Пресненская, дом 10, помещение I, этаж 41, комната 6;Джурмат Арноби;79011112725
"ООО ""СЕВЕРНЫЙ ПОТОК""";7810451445;123112, Москва г, наб. Пресненская, дом 10, помещение I, этаж 41, комната 6;Константин Егоров;79011112737
"ООО ""Строй-Эксперт Консалт""";7816543847;123610, Россия, Москва г, Краснопресненская наб, дом № 12, подъезд 7;Дмитрий Лапин;79011112749
"ООО ""ЭДЕН СПРИНГС""";7718151150;125080, Москва г, Волоколамское ш, дом № 1, строение 1, помещение 1, комната 88;Джурмат Арноби;79011112761
"ООО ""Стройсервис""";7806413817;125080, Москва г, Волоколамское ш, дом № 1, строение 1, помещение 1, комната 88;Филипп Тревор;79011112773
"ООО ""К2""";7801637965;125190, Москва г, Ленинградский пр-кт, дом № 80, корпус 17;Константин Егоров;79011112785
"ООО ""Международный Центр Сертификации""";7839023971;125190, Москва г, Ленинградский пр-кт, дом № 80, корпус 17;Дмитрий Лапин;79011112797
"ЗАО ""Спецстройизоляция""";7826675419;127247, Москва г, Дмитровское ш, дом № 90, корпус 1, помещение XXIII, комн.1;Джурмат Арноби;79011112809
"ЧОУ ""Учебный центр ""ПЕРСПЕКТИВА""";7801350296;127247, Москва г, Дмитровское ш, дом № 90, корпус 1, помещение XXIII, комн.1;Константин Егоров;79011112821
"ООО ""ПрофМастер""";7814568927;140415, Московская обл, Коломна г, Канатный пр, дом № 2;Дмитрий Лапин;79011112833
"ООО ""Торговый дом ""Стройэлемент""";7810855840;140415, Московская обл, Коломна г, Канатный пр, дом № 2;Джурмат Арноби;79011112845
"ООО ""ПЕРВАЯ МЕТАЛЛОБАЗА""";7825690220;140415, Московская обл, Коломна г, Канатный пр, дом № 2;Филипп Тревор;79011112857
"ООО ""МЦ ""ПАНАЦЕЯ""";7814146280;141981, Московская обл, Дубна г, Промышленная ул, дом № 6;Константин Егоров;79011112869
"ООО ""ФРЕГАТ ПЛЮС""";7811076116;141981, Московская обл, Дубна г, Промышленная ул, дом № 6;Дмитрий Лапин;79011112881
"ООО ""ЭИТ""";7811466740;142601, Московская обл, Орехово-Зуево г, Бабушкина ул, дом № 2, корпус А;Джурмат Арноби;79011112893
"ООО""НПФ""СИНДИК""";7809003872;143441, Московская обл., Красногорский район, пос. Путилово, 69 км МКАД, стр. 3;Константин Егоров;79011112905
"ООО ""КОНТЕЙНЕРНЫЙ ЦЕНТР""";7841495234;143903, Московская обл, Балашихинский р-н, Балашиха г, мкр.ВНИИПО, дом № 12;Дмитрий Лапин;79011112917
"ООО ""КОМПАНИЯ ТРИАДА""";7806166477;150001, Ярославская обл, Ярославль г, Московский пр-кт, дом № 12;Джурмат Арноби;79011112929
"ООО  ""АЛЬПАРИ""";7816369010;150001, Ярославская обл, Ярославль г, Московский пр-кт, дом № 12;Филипп Тревор;79011112941
"ЗАО ""МЕТ.ИЗ""";4703073391;16100, ул. Энергии, мкр. 20, п/я-37 Улан-Батор, МОНГОЛИЯ;Константин Егоров;79011112953
"ООО ""РТА""";7810502516;16100, ул. Энергии, мкр. 20, п/я-37 Улан-Батор, МОНГОЛИЯ;Дмитрий Лапин;79011112965
"ООО ""Икс-ком Питер""";7802537650;162602, Вологодская обл, Череповец г, Ленина ул, дом № 54, офис 3;Джурмат Арноби;79011112977
"ООО ""КОРСЕЛ""";7806489580;162602, Вологодская обл, Череповец г, Ленина ул, дом № 54, офис 3;Константин Егоров;79011112989
"ООО ""МИСТЕР КЛИМАТ""";7802809021;162602, Вологодская обл, Череповец г, Ленина ул, дом № 54, офис 3;Дмитрий Лапин;79011113001
"ООО ""ПРОМАЛЬП-С""";7842489709;162603, Вологодская обл, Череповец г, Безымянная ул, дом № 6, строение 1, офис 5;Джурмат Арноби;79011113013
"ООО ""РУСЬХИМ""";7805574258;162603, Вологодская обл, Череповец г, Безымянная ул, дом № 6, строение 1, офис 5;Филипп Тревор;79011113025
"ООО ""ВОСТОК""";7842076451;162603, Вологодская обл, Череповец г, Безымянная ул, дом № 6, строение 1, офис 5;Константин Егоров;79011113037
"ООО ""КОМПАНИЯ ЭКОПРОМ-СЕРВИС""";7804483921;162603, Вологодская обл, Череповецкий р-н, Безымянная, дом № 6, офис 12/1;Дмитрий Лапин;79011113049
"ООО ""ДЕЛЬТЕКС""";7806182373;162604, Вологодская обл, Череповец г, П.Окинина, дом № 1, квартира 5;Джурмат Арноби;79011113061
"ООО ""АВТОЛАЙН ПЛЮС""";7814613714;162604, Вологодская обл, Череповец г, П.Окинина, дом № 1, квартира 5;Константин Егоров;79011113073
"ООО ""СЗМК""";7805628810;162626, Вологодская обл, г.Череповец , ул.Раахе, дом № 62, офис 5;Дмитрий Лапин;79011113085
"ООО ""Энтузиаст-С""";6319060894;162626, Вологодская обл, г.Череповец , ул.Раахе, дом № 62, офис 5;Джурмат Арноби;79011113097
"ООО ""РОСТ""";7811443140;162626, Вологодская обл, г.Череповец , ул.Раахе, дом № 62, офис 5;Филипп Тревор;79011113109
"ООО ЭлектроТрейд""";7811564000;162626, Вологодская обл, Череповец г, Раахе ул, дом № 62, офис 5;Константин Егоров;79011113121
"ООО ""ПлитТорг-С""";7810333177;162626, Вологодская обл, Череповец г, Раахе ул, дом № 62, офис 5;Дмитрий Лапин;79011113133
"ООО ""Тимпласт-Стройматериалы""";7814562971;162626, Вологодская обл, Череповец г, Раахе ул, дом № 62, офис 5;Джурмат Арноби;79011113145
"ООО ""МЕТАЛЛ-ЦЕНТР""";7801587714;165650, Область Архангельская, г. Коряжма, ул.Чапаева, дом № 1, Кабинет 9;Константин Егоров;79011113157
"ООО ""СМАРТ""";7802838907;165650, Область Архангельская, г. Коряжма, ул.Чапаева, дом № 1, Кабинет 9;Дмитрий Лапин;79011113169
"ООО ""Баннер""";7802564283;165650, Область Архангельская, г. Коряжма, ул.Чапаева, дом № 1, Кабинет 9;Джурмат Арноби;79011113181
"ООО ""Йотун Пэйнтс""";7805360880;173003, Новгородская обл, г. Новгород, Мусы Джалиля-Духовская, дом № 23, этаж 1, кабинет 14;Филипп Тревор;79011113193
"ООО ""ПромИнком""";7806197355;173003, Новгородская обл, г. Новгород, Мусы Джалиля-Духовская, дом № 23, этаж 1, кабинет 14;Константин Егоров;79011113205
"ООО ""РАСТ""";7810384380;173003, Новгородская обл, г. Новгород, Мусы Джалиля-Духовская, дом № 23, этаж 1, кабинет 14;Дмитрий Лапин;79011113217
"ООО ""ИнтерПром""";7838042499;180016, Псковская обл, городской округ город Псков, Рижский пр-кт, дом № 31, помещение 1011;Джурмат Арноби;79011113229
"ООО ""Стекольный мир-СПб""";7805495278;180016, Псковская обл, городской округ город Псков, Рижский пр-кт, дом № 31, помещение 1011;Константин Егоров;79011113241
"ООО ""СМС""";7806497599;185000, Карелия Респ, Петрозаводск, Свердлова, дом № 3, кв.59;Дмитрий Лапин;79011113253
"ООО ""КОМСТРОЙ""";7805657063;185002, Карелия Респ, Петрозаводск г, Суоярвская ул, дом № 8, помещение 42, Кабинет 310;Джурмат Арноби;79011113265
"ООО ""ФОРТРЕНТ""";7806131019;185002, Карелия Респ, Петрозаводск г, Суоярвская ул, дом № 8, помещение 42, Кабинет 310;Филипп Тревор;79011113277
"ООО ""Дамаск""";7842332923;185002, Карелия Респ, Петрозаводск г, Суоярвская ул, дом № 8, помещение 42, Кабинет 310;Константин Егоров;79011113289
"ООО ""КОМПЛЕКТ""";7802563755;185002, Республика Карелия, г.Петрозаводск , ул. Прионежская, дом № 23;Дмитрий Лапин;79011113301
"ООО ""ПАРТА""";7802811398;185002, Республика Карелия, г.Петрозаводск , ул. Прионежская, дом № 23;Джурмат Арноби;79011113313
"ООО ""ВЦПТ СМК""";7826047012;185002, Республика Карелия, г.Петрозаводск , ул. Прионежская, дом № 23;Константин Егоров;79011113325
"ООО ""Медхит""";7839041441;185031, Карелия Респ, Петрозаводск г, Заводская ул, дом №4;Дмитрий Лапин;79011113337
"ООО ""Торговый дом Северо-Западный""";7825444144;185031, Карелия Респ, Петрозаводск г, Инженерная ул, дом № 21, квартира 52;Джурмат Арноби;79011113349
"ООО ""БалтМонолитСтрой""";7816565752;185031, Карелия Респ, Петрозаводск г, Инженерная ул, дом № 21, квартира 52;Филипп Тревор;79011113361
"ООО ""Полинком""";7805566000;187000, Ленинградская область, г. Тосно, пр.Ленина д.32;Константин Егоров;79011113373
"ООО ""Комус-Петербург""";7839005130;187000, Ленинградская область, г. Тосно, пр.Ленина д.32;Дмитрий Лапин;79011113385
"ООО ""Клиар""";7814167146;188360, Ленинградская обл, Гатчинский р-н, Войсковицы п, Промзона 1 тер, дом № Участок 6, 7;Джурмат Арноби;79011113397
"ООО ""ПетроСтронг""";7842456407;188360, Ленинградская обл, Гатчинский р-н, Войсковицы п, Промзона 1 тер, дом № Участок 6, 7;Константин Егоров;79011113409
"ООО ""ЮЛАНА СПБ""";7842459542;188360, Ленинградская обл, Гатчинский р-н, Войсковицы п, Промзона 1 тер, дом № Участок 6, 7;Дмитрий Лапин;79011113421
"ООО ""Балт-Строй""";7801399887;188490, Ленинградская обл, Кингисеппский р-н, Ивангород г, Маяковского ул, дом № 5;Джурмат Арноби;79011113433
"ООО ""Кайрос""";7839502702;188661, Карелия респ, Петрозаводск г, Кирова, дом 43;Филипп Тревор;79011113445
"ООО ""ВАЙТ""";7807339482;188661, Россия, Ленинградская область, Всеволожский р-н, п/о Ново-Девяткино;Константин Егоров;79011113457
"ООО ""АЛГОРИТМ""";7838439215;190000, Санкт-Петербург г, Лермонтовский пр-кт, дом № 37/153, корпус А, оф.1Н;Дмитрий Лапин;79011113469
"ООО ""СпецПромЗащита""";7804281386;190000, Санкт-Петербург г, Новочеркасский пр-кт, дом № 32 лит.Б, пом.8Н;Джурмат Арноби;79011113481
"ООО ""СЗК""";7811161883;190000, Санкт-Петербург г, Реки Фонтанки наб, дом № 38, лит.А, пом.22Н;Константин Егоров;79011113493
"ООО ""ТДМ""";7811565205;190000, Санкт-Петербург г, Реки Фонтанки наб, дом № 38, лит.А, пом.22Н;Дмитрий Лапин;79011113505
"ООО ""ЭКСТАТИК""";7814156137;190000, Санкт-Петербург г, Серебристый б-р, дом № 21, литера А, помещение 7Н;Джурмат Арноби;79011113517
"ООО КОМПАНИЯ ""СПЛАВ""";7720019512;190000, Санкт-Петербург г, Циолковского ул, дом № 13-15, литер Ж;Филипп Тревор;79011113529
"ООО ""ГЕКТОР""";7817334268;"190005, РФ, г.Санкт-Петербург, Измайловский пр., д.18 ""д""";Константин Егоров;79011113541
"ООО ""Боб-Сервис""";7805313922;190005, Санкт-Петербург г, 7-я Красноармейская ул, дом № 15, литера А, помещение 3-Н, офис 7;Дмитрий Лапин;79011113553
"ООО ""Успех""";7816438169;190005, Санкт-Петербург г, 7-я Красноармейская ул, дом № 15, литера А, помещение 3-Н, офис 7;Джурмат Арноби;79011113565
"ООО ""Веселый Водовоз""";7816453294;190005, Санкт-Петербург г, 7-я Красноармейская ул, дом № 15, литера А, помещение 3-Н, офис 7;Константин Егоров;79011113577
"ООО ""ТЕХНОБАЛТСНАБ""";7825508750;190005, Санкт-Петербург, ул. 7-я Красноармейская, д.9,  лит.А, пом.1Н;Дмитрий Лапин;79011113589
"ООО ""Стройметиз""";7826682663;190005, Санкт-Петербург, ул. 7-я Красноармейская, д.9,  лит.А, пом.1Н;Джурмат Арноби;79011113601
"ООО ""СЕЛЛЕР""";7725791850;190013, Санкт-Петербург г, Рузовская ул, дом № 11;Филипп Тревор;79011113613
"ООО ""Форум""";7842429178;190013, Санкт-Петербург г, Рузовская ул, дом № 11;Константин Егоров;79011113625
"ООО ""Поверкон""";5402006114;190013, Санкт-Петербург, Санкт-Петербург, пр.Московский, дом № 28, тел./факс: (812)301-98-10;Дмитрий Лапин;79011113637
"ООО ""ОлФоВотер""";6027132245;190013, Санкт-Петербург, Санкт-Петербург, пр.Московский, дом № 28, тел./факс: (812)301-98-10;Джурмат Арноби;79011113649
"ООО ""ПНЕВМОМАШ""";7814573980;190020, Санкт-Петербург г, Обводного канала наб, дом № 134-136-138, литера ВМ, помещение 13-Н, офис 528;Константин Егоров;79011113661
"ООО ""СТС""";7839506680;190020, Санкт-Петербург г, Обводного канала наб, дом № 134-136-138, литера ВМ, помещение 13-Н, офис 528;Дмитрий Лапин;79011113673
"ООО ""НВ ТЕХНИКА""";7807124173;190020, Санкт-Петербург г, Обводного канала наб, дом № 134-136-138, литера ВМ, помещение 13-Н, офис 528;Джурмат Арноби;79011113685
"ООО ""СЭТ строительное оборудование""";7802865548;190020, Санкт-Петербург г, Обводного Канала наб, дом № 138, корпус 1, квартира 421;Филипп Тревор;79011113697
"ООО ""ЭКОТРАК""";7839366457;190020, Санкт-Петербург г, Обводного Канала наб, дом № 138, корпус 1, квартира 421;Константин Егоров;79011113709
"ООО ""ПАРТНЕР""";6732061845;190020, Санкт-Петербург г, Обводного Канала наб, дом № 138, корпус 1, квартира 421;Дмитрий Лапин;79011113721
"ООО ""БелАК-Рус""";7839039675;190031, Санкт-Петербург г, Гороховая ул, дом № 47, литера Б, этаж 5;Джурмат Арноби;79011113733
"ООО ""Мальстрем""";7813112761;190068, Санкт-Петербург г, Глинки ул, дом № 8, литера А;Константин Егоров;79011113745
"ООО ""Санитарная служба""";7805615264;190068, Санкт-Петербург г, Глинки ул, дом № 8, литера А;Дмитрий Лапин;79011113757
"ООО ""ЛАВРСКОЕ""";7801440736;190068, Санкт-Петербург г, Глинки ул, дом № 8, литера А;Джурмат Арноби;79011113769
"ООО ""МаксимуМ""";7842408957;190098, Санкт-Петербург г, Конногвардейский б-р, дом № 19;Филипп Тревор;79011113781
"ООО ""ТФ ЛИСКОМ""";7804552124;190121, Санкт-Петербург г, Декабристов ул, дом № 62-64, лит А, оф.11Н;Константин Егоров;79011113793
"ООО ""НОРД-НДТ""";7726696373;190121, Санкт-Петербург г, Декабристов ул, дом № 62-64, лит.А, пом.11-Н;Дмитрий Лапин;79011113805
"ООО ""Максидом""";7804064663;191002, Санкт-Петербург г, Разъезжая ул, дом № 8, литера А, помещение 3-Н, офис 106;Джурмат Арноби;79011113817
"ООО ""Ода""";7842004746;191014, Санкт-Петербург г, Маяковского ул, дом № 50, корпус Литер Б;Константин Егоров;79011113829
"ООО ""Гермес""";7814618455;191014, Санкт-Петербург г, Маяковского ул, дом № 50, оф.3Н;Дмитрий Лапин;79011113841
"ООО ""ТЦ ""ИНСТРУМЕНТ-СЕРВИС""";7826673404;191014, Санкт-Петербург г, Маяковского ул, дом № 50, оф.3Н;Джурмат Арноби;79011113853
"ООО ""СТК ФАВОРИТ""";7807096367;191014, Санкт-Петербург г, Некрасова ул, дом № 60, лит. А, кор. пом. 44Н;Филипп Тревор;79011113865
"ООО ""СПЕКТР""";7805469366;191014, Санкт-Петербург г, Некрасова ул, дом № 60, лит. А, кор. пом. 44Н;Константин Егоров;79011113877
"ООО ""ФАП""";7804343730;191014, Санкт-Петербург, улица Некрасова дом 40 лит А пом. 31-Н;Дмитрий Лапин;79011113889
"ООО ""Строй-Маркет СПб""";7804492933;191014, Санкт-Петербург, улица Некрасова дом 40 лит А пом. 31-Н;Джурмат Арноби;79011113901
"ООО ""МИРА""";7839039040;191023, Санкт-Петербург г, Апраксин пер, дом № 9, корпус А;Константин Егоров;79011113913
"ООО ""Проект Сервис""";7813480589;191024, Санкт-Петербург г, 4-я Советская ул, дом № 34-36, литера А, помещение 5Н, офис 10;Дмитрий Лапин;79011113925
"ООО ""СБ ИНЖИНИРИНГ""";7807074148;191024, Санкт-Петербург г, 4-я Советская ул, дом № 34-36, литера А, помещение 5Н, офис 10;Джурмат Арноби;79011113937
"ООО ""КомпасЛидера""";7806436356;191024, Санкт-Петербург г, 4-я Советская ул, дом № 34-36, литера А, помещение 5Н, офис 10;Филипп Тревор;79011113949
"ООО ""ИАТ Премиум""";7814316768;191024, Санкт-Петербург г, Миргородская ул, дом № 1, Лит. А;Константин Егоров;79011113961
"ООО ""Юг-Техноавиа""";6163051901;191024, Санкт-Петербург г, Миргородская ул, дом № 1, Лит. А;Дмитрий Лапин;79011113973
"ЧОУ ДПО ""УЦВ""";6143090388;191025, Санкт-Петербург г, Невский пр-кт, дом № 51, квартира 20/7;Джурмат Арноби;79011113985
"ООО ""СИРИУС СПБ""";7805643487;191025, Санкт-Петербург г, Невский пр-кт, дом № 51, квартира 20/7;Константин Егоров;79011113997
"ООО ""Медицинская компания ""Медсанчасть""";6143057983;191025, Санкт-Петербург г, Невский пр-кт, дом № 51, квартира 20/7;Дмитрий Лапин;79011114009
"ООО ""Промальп"" ";7842109770;191025, Санкт-Петербург г, Рубинштейна ул, дом № 10, литера Б, помещение 3-Н, офис 3;Джурмат Арноби;79011114021
"ООО ""МЕТ.ИЗ""";4703147477;191025, Санкт-Петербург г, Рубинштейна ул, дом № 10, литера Б, помещение 3-Н, офис 3;Филипп Тревор;79011114033
"ООО ""АнтикорСПб""";7801321400;191025, Санкт-Петербург г, Рубинштейна ул, дом № 10, литера Б, помещение 3-Н, офис 3;Константин Егоров;79011114045
"ООО ""НЕОКОМ""";7802110040;191025, Санкт-Петербург, ул.Марата, дом №8;Дмитрий Лапин;79011114057
"ООО ""Автолайн СПб""";7814677316;191028, Санкт-Петербург г, Моховая ул, дом № 10, корпус Лит.3, квартира Пом.11Н;Джурмат Арноби;79011114069
"ООО ""Твой Дом СПб""";7805626019;191028, Санкт-Петербург г, Моховая ул, дом № 10, корпус Лит.3, квартира Пом.11Н;Константин Егоров;79011114081
"ООО ""КЕСТАР""";7810406812;191028, Санкт-Петербург г, Моховая ул, дом № 10, корпус Лит.3, квартира Пом.11Н;Дмитрий Лапин;79011114093
"ООО ""Северторг""";7806254331;191028, Санкт-Петербург г, Пестеля ул, дом № 25, корпус А;Джурмат Арноби;79011114105
"ООО ""Сервисная компания ""ОЛВИТ""";7810507546;191028, Санкт-Петербург г, Пестеля ул, дом № 25, корпус А;Филипп Тревор;79011114117
"ООО ""Грузчиков Грузоперевозки""";7814589853;191036, Санкт-Петербург г, Восстания ул, дом № 17, литера А, помещение 7-Н, офис 6;Константин Егоров;79011114129
"ООО ""ОЛЬМАКС-Санкт-Петербург""";7811511136;191036, Санкт-Петербург г, Лиговский пр-кт, дом № 10/118;Дмитрий Лапин;79011114141
"ООО ""Электробензосервис""";7804194920;191036, Санкт-Петербург г, Лиговский пр-кт, дом № 23, корпус Лит. А, квартира Пом. 4Н;Джурмат Арноби;79011114153
"ООО ""Карекс Сервис""";7806529219;191036, Санкт-Петербург г, Лиговский пр-кт, дом № 23, корпус Лит. А, квартира Пом. 4Н;Константин Егоров;79011114165
"ООО ""ПРОМКОМПЛЕКТ""";7813252720;191036, Санкт-Петербург г, Лиговский пр-кт, дом № 23, корпус Лит. А, квартира Пом. 4Н;Дмитрий Лапин;79011114177
"ООО ""Домострой""";7807062495;191036, Санкт-Петербург г, Советская 3-я ул, дом № 9, корпус А, кв.3-Н;Джурмат Арноби;79011114189
"ООО ""АвтоМан""";7816339859;191036, Санкт-Петербург г, Советская 3-я ул, дом № 9, корпус А, кв.3-Н;Филипп Тревор;79011114201
"ООО ""СП-Тех""";7805326657;191040, Санкт-Петербург г, Пушкинская ул, дом № 3, литера А, офис 14-Н;Константин Егоров;79011114213
"ООО ""Тектоника""";7811547559;191040, Санкт-Петербург г, Пушкинская ул, дом № 3, литера А, офис 14-Н;Дмитрий Лапин;79011114225
"ООО ""Рэк""";7802540229;191040, Санкт-Петербург г, Пушкинская ул, дом № 3, литера А, офис 14-Н;Джурмат Арноби;79011114237
"ООО ""УК ""Рост""";7841026338;191119, Санкт-Петербург г, Марата ул, дом № 82, лит.А, пом.14Н;Константин Егоров;79011114249
"ООО ""МТ-Техника""";7842079406;191119, Санкт-Петербург г, Черняховского ул, дом № 6/10, литера А;Дмитрий Лапин;79011114261
"ООО ""БКТ-Инжиниринг""";7811543385;191119, Санкт-Петербург г, Черняховского ул, дом № 6/10, литера А;Джурмат Арноби;79011114273
"ООО ""МК-Сервис""";4706031174;191123, Санкт-Петербург, ул.Кирочная, д.19;Филипп Тревор;79011114285
"ООО ""Формула""";7816562215;191144, Санкт-Петербург г, Суворовский пр-кт, дом № 39, кв.2;Константин Егоров;79011114297
"ООО ""МастерХимик""";7704837207;191144, Санкт-Петербург г, Суворовский пр-кт, дом № 39, кв.2;Дмитрий Лапин;79011114309
"ООО ""С001""";7802593358;191186, г.Санкт-Петербург, пр.Невский, д. 30;Джурмат Арноби;79011114321
"ООО ""Технонеруд""";7811634160;191186, Российская Федерация, г. Санкт-Петербург, Марсово поле д.1;Константин Егоров;79011114333
"ООО ""Ланекс-канат""";5752054107;191186, Российская Федерация, г. Санкт-Петербург, Марсово поле д.1;Дмитрий Лапин;79011114345
"АНО ДПО УКЦ ""Ликей""";6901070967;191186, Российская Федерация, г. Санкт-Петербург, Марсово поле д.1;Джурмат Арноби;79011114357
"ООО ""Триал-сервис""";7805622688;191187, Санкт-Петербург г, Гагаринская ул, дом № 14, корпус А, квартира 14-Н;Филипп Тревор;79011114369
"ООО ""Мастерская чистоты""";7813246187;191187, Санкт-Петербург г, Гагаринская ул, дом № 14, корпус А, квартира 14-Н;Константин Егоров;79011114381
"АО ""Атлас Копко""";7710218759;192007, Санкт-Петербург г, Боровая ул, дом № 62, литера А, помещение 2-Н, офис 1;Дмитрий Лапин;79011114393
"ООО ""СВАРБИ-СПб""";7806166798;192007, Санкт-Петербург г, Боровая ул, дом № 62, литера А, помещение 2-Н, офис 1;Джурмат Арноби;79011114405
"ООО ""ВЕЛМАС""";7805642300;192007, Санкт-Петербург г, Боровая ул, дом № 62, литера А, помещение 2-Н, офис 1;Константин Егоров;79011114417
"ООО ""ВТК""";6143086198;192007, Санкт-Петербург г, муниципальный округ Волковское, Прилукская ул, дом 21-23, литер А, офис 11;Дмитрий Лапин;79011114429
"ООО ""ГалеонТехно""";6143083937;192007, Санкт-Петербург г, муниципальный округ Волковское, Прилукская ул, дом 21-23, литер А, офис 11;Джурмат Арноби;79011114441
"ООО ""АВТОКОМ АРЕНДА""";7811258300;192007, Санкт-Петербург г, муниципальный округ Волковское, Прилукская ул, дом 21-23, литер А, офис 11;Филипп Тревор;79011114453
"ООО ""ЗНАНИЕ ПРО""";6143088484;192012, Санкт-Петербург г, 2-Й Рабфаковский пер, дом № 20, квартира 26;Константин Егоров;79011114465
"ООО ""СТО Дукато сервис""";7839035624;192012, Санкт-Петербург г, 2-Й Рабфаковский пер, дом № 20, квартира 26;Дмитрий Лапин;79011114477
"ООО ""Чистая Компания Северо-Запада""";7813561284;192012, Санкт-Петербург г, Обуховской Обороны пр-кт, дом № 112, корпус 2, литера И, офис 329;Джурмат Арноби;79011114489
"ООО ""Солюшн Принт""";7806486149;192012, Санкт-Петербург г, Обуховской Обороны пр-кт, дом № 112, корпус 2, литера И, офис 329;Константин Егоров;79011114501
"ООО ""БалтСтройПроект""";7816480379;192012, Санкт-Петербург г, Обуховской Обороны пр-кт, дом № 112, корпус 2, литера И, офис 329;Дмитрий Лапин;79011114513
"ООО ""Строительные материалы""";6143073417;192012, Санкт-Петербург г, Обуховской обороны пр-кт, дом № 271, лит.А;Джурмат Арноби;79011114525
"ЗАО ""ОЛДИ ЛТД""";7719044994;192019, Санкт-Петербург г, Книпович ул, дом № 12;Филипп Тревор;79011114537
"ЧОУ ДПО ""Знание Про в городе Волгодонске""";6143084955;192029, Санкт-Петербург г, Обуховской обороны пр-кт, дом № 76, корпус м;Константин Егоров;79011114549
"ООО ""С78""";7806242777;192029, Санкт-Петербург г, Ольминского ул, дом № 12, корпус Лит. А, квартира Пом. 1-Н;Дмитрий Лапин;79011114561
"ООО ""СТС""";6125029302;192029, Санкт-Петербург г, Ольминского ул, дом № 12, корпус Лит. А, квартира Пом. 1-Н;Джурмат Арноби;79011114573
"ООО ""Импекс""";9729127234;192102, Санкт-Петербург г, Бухарестская ул, дом № 6;Константин Егоров;79011114585
"Общество с ограниченной ответственностью ""Эльбрус""";7813253579;192102, Санкт-Петербург г, Бухарестская ул, дом № 6;Дмитрий Лапин;79011114597
"ООО ""ТАГАП""";7811583363;192177, Санкт-Петербург г, Шлиссельбургский пр-кт, дом № 17, корпус 1, литА;Джурмат Арноби;79011114609
"ООО ""Филанко Санкт-Петербург""";7838492138;192177, Санкт-Петербург г, Шлиссельбургский пр-кт, дом № 17, корпус 1, литА;Филипп Тревор;79011114621
"ПАО ""Приаргунское производственное горно-химическое объединение""";7530000048;192236, Санкт-Петербург г, Софийская ул, дом № 14, литер А, корпус 5;Константин Егоров;79011114633
"ООО ""ТД ""ЭНЕРГЕТИКА""";3662203576;192236, Санкт-Петербург г, Софийская ул, дом № 14, литер А, корпус 5;Дмитрий Лапин;79011114645
"ООО ""Снабстрой""";7841054279;192283, Санкт-Петербург г, Олеко Дундича ул, дом № 20, корпус А, квартира Офис 8-Н;Джурмат Арноби;79011114657
"ООО ""ЮрПласт""";3651008076;192283, Санкт-Петербург г, Олеко Дундича ул, дом № 20, корпус А, квартира Офис 8-Н;Константин Егоров;79011114669
"ООО ""Аттенсиб""";5402003730;192288, Санкт-Петербург г, Бухарестская ул, дом № 118, корпус 1, квартира А, помещение 67Н;Дмитрий Лапин;79011114681
"ООО ""ИК Газавтоматика""";7801508230;192288, Санкт-Петербург г, Бухарестская ул, дом № 118, корпус 1, квартира А, помещение 67Н;Джурмат Арноби;79011114693
"ООО ""СИТИЭНЕРГОРЕНТ""";7813228798;192288, Санкт-Петербург г, Бухарестская ул, дом № 118, корпус 1, квартира А, помещение 67Н;Филипп Тревор;79011114705
"ООО ""К2""";7810421916;192288, Санкт-Петербург г, Софийская ул, дом № 96;Константин Егоров;79011114717
"ООО ""Кас""";7811587706;194044, Санкт-Петербург г, Большой Сампсониевский пр-кт, дом № 42, литера Б, офис 406;Дмитрий Лапин;79011114729
"ООО ""Дзамбала""";7811170359;194044, Санкт-Петербург г, Большой Сампсониевский пр-кт, дом № 42, литера Б, офис 406;Джурмат Арноби;79011114741
ТД ЦСК ОБЩЕСТРОЙ;1001283226;194044, Санкт-Петербург г, Большой Сампсониевский пр-кт, дом № 42, литера Б, офис 406;Константин Егоров;79011114753
"ООО ""Ситилинк""";7718979307;194100, г.Санкт-Петербург, ул. Харченко, д. 2/12, Лит. А, пом. 1 Н.;Дмитрий Лапин;79011114765
"ООО ""Прогресс""";7813258979;194100, г.Санкт-Петербург, ул. Харченко, д. 2/12, Лит. А, пом. 1 Н.;Джурмат Арноби;79011114777
"ООО ""Петротранспорт""";1001302133;194100, Санкт-Петербург г, Большой Сампсониевский пр-кт, дом № 68;Филипп Тревор;79011114789
"ООО ""Кворум""";1001144906;194156, Санкт-Петербург г, Сампсониевский Б. пр-кт, дом № 93;Константин Егоров;79011114801
"ООО ""Лазермастер""";7826176071;194156, Санкт-Петербург г, Сампсониевский Б. пр-кт, дом № 93;Дмитрий Лапин;79011114813
"ООО ""КОННЕКТ ЦЕНТР""";5047167445;194214, Санкт-Петербург г, Тореза пр-кт, дом № 95, помещение 8Н;Джурмат Арноби;79011114825
"ООО ""АВТО ПРОФИ""";7802849761;194214, Санкт-Петербург г, Тореза пр-кт, дом № 95, помещение 8Н;Константин Егоров;79011114837
"ООО ""ЮниксПроф""";7806539619;194214, Санкт-Петербург г, Энгельса пр-кт, дом № 97, корпус А, квартира 22Н;Дмитрий Лапин;79011114849
"ООО ""Техноавиа-Воронеж""";3662143711;194214, Санкт-Петербург г, Энгельса пр-кт, дом № 97, корпус А, квартира 22Н;Джурмат Арноби;79011114861
"ООО ""Фирма ""СЕВЗАПМЕТАЛЛ""";7825348232;195000, Московский пр-т, дом № 151;Филипп Тревор;79011114873
"ООО ""Ресурсы""";7816630458;195000, Московский пр-т, дом № 151;Константин Егоров;79011114885
"ООО ""Блок-Модуль""";6155076758;195000, Московский пр-т, дом № 151;Дмитрий Лапин;79011114897
"ООО ""Ассоциация Менеджеров""";3661040960;195027, Санкт-Петербург г, Партизанская ул, дом № Дом 3, корпус Литер А, квартира Помещение 8Н, Часть №3, №4;Джурмат Арноби;79011114909
"ООО ""Строймашсервис-Воронеж""";3665104799;195027, Санкт-Петербург г, Партизанская ул, дом № Дом 3, корпус Литер А, квартира Помещение 8Н, Часть №3, №4;Константин Егоров;79011114921
"ООО ""МеталлМаркет""";3651007153;195112, Санкт-Петербург г, Малоохтинский пр-кт, дом № 68 лит.А, пом.14Н;Дмитрий Лапин;79011114933
"ООО ""АКД""";7816584586;195112, Санкт-Петербург г, Малоохтинский пр-кт, дом № 68 лит.А, пом.14Н;Джурмат Арноби;79011114945
"ООО ""Пенетрон-Дон""";6167074000;195197, Санкт-Петербург г, Минеральная ул, дом № 13, литера А;Филипп Тревор;79011114957
"АО ""ТЭЗИЗ""";7810071108;195220, Санкт-Петербург г, Гжатская ул, дом № 21, корпус 1;Константин Егоров;79011114969
"ООО ""Дом Воды""";3662188737;195220, Санкт-Петербург г, Гжатская ул, дом № 21, корпус 1;Дмитрий Лапин;79011114981
"ООО ""Данко""";6163104896;195220, Санкт-Петербург г, Гжатская ул, дом № 21, корпус 1;Джурмат Арноби;79011114993
"ООО ТСК ""АЛЬФА СТРОЙ""";3663104793;195220, Санкт-Петербург г, Гжатская ул, дом № 21, корпус А;Константин Егоров;79011115005
"ООО ""Старбилд""";3665110471;195220, Санкт-Петербург г, Гжатская ул, дом № 21, корпус А;Дмитрий Лапин;79011115017
"ООО ""ПЭК""";7721823853;195253 , г. Санкт-Петербург, ул.Маршала Тухачевского, д.13 , оф.1-Н;Джурмат Арноби;79011115029
"ООО ""Кей""";7825354444;195253 , г. Санкт-Петербург, ул.Маршала Тухачевского, д.13 , оф.1-Н;Филипп Тревор;79011115041
"Макрорегиональный филиал ""Северо-Запад"" ПАО ""Ростелеком""";7707049388;195253, Санкт-Петербург г, Маршала Тухачевского ул, дом № 13, литера А, помещение 1-Н;Константин Егоров;79011115053
"ООО ""Софтмагазин Трейд""";7704771122;195253, Санкт-Петербург г, Маршала Тухачевского ул, дом № 13, литера А, помещение 1-Н;Дмитрий Лапин;79011115065
"ООО ""ЛУКОЙЛ-Интер-Кард""";3444197347;195253, Санкт-Петербург г, Маршала Тухачевского ул, дом № 13, литера А, помещение 1-Н;Джурмат Арноби;79011115077
"ООО ""Ультра""";7723470427;195271, Санкт-Петербург г, Мечникова пр-кт, дом № 10, литера А, помещение 5-Н;Константин Егоров;79011115089
"Общество с ограниченной ответственностью ""Астра-холл"" ";7810497457;195271, Санкт-Петербург г, Мечникова пр-кт, дом № 10, литера А, помещение 5-Н;Дмитрий Лапин;79011115101
"АО ""ПФ ""СКБ Контур""";6663003127;195274, г.Санкт-Петербург, пр.Луночарского, д.84, корп.3, кв.166;Джурмат Арноби;79011115113
"ООО ""ЛексЛайн""";7804479386;195297, Санкт-Петербург г, Светлановский пр-кт, дом № 113. лит.А, пом.19-Н;Филипп Тревор;79011115125
"ООО ""МВМ""";7707548740;196006, Санкт-Петербург г, Цветочная ул, дом № 18, литер А, помещение 2-Н(413);Дмитрий Лапин;79011115149
"ООО ""ТОРГ-АКТИВ""";7704876100;196084, Санкт-Петербург г, Лиговский пр-кт, дом № 256;Джурмат Арноби;79011115161
"ООО ""Мир ворот""";7802587717;196084, Санкт-Петербург г, Лиговский пр-кт, дом № 256;Константин Егоров;79011115173
"ООО ""Стройторговля""";4703148343;196084, Санкт-Петербург г, Московский пр-кт, дом № 91, литера А, помещение 10Н;Дмитрий Лапин;79011115185
"ООО ""Ингибит""";7811655723;196084, Санкт-Петербург г, Московский пр-кт, дом № 91, литера А, помещение 10Н;Джурмат Арноби;79011115197
"ООО ""Стройхолдинг""";1001332699;196084, Санкт-Петербург г, Цветочная ул, дом № 6 лит.У;Филипп Тревор;79011115209
"ООО ""Липецк Восток Сервис""";4826107770;196084, Санкт-Петербург г, Цветочная ул, дом № 6 лит.У;Константин Егоров;79011115221
"ООО ""Велма""";4825124460;196105, Санкт-Петербург г, Благодатная ул, дом № 28, пом.13Н;Дмитрий Лапин;79011115233
"ООО ""Корунд""";1001308960;196128, Санкт-Петербург г, Кузнецовская ул, дом № 11, пом.31Н;Джурмат Арноби;79011115245
"ООО ""220 Липецк""";4825130760;196128, Санкт-Петербург г, Кузнецовская ул, дом № 19;Константин Егоров;79011115257
"Акционерное общество ""Восток-Спец-Сервис""";3666106020;196135, Санкт-Петербург г, Бассейная ул, дом № 53-394;Дмитрий Лапин;79011115269
"ООО ""ПРОМТЕК СМТ""";5249143983;196135, Санкт-Петербург г, Лиговский пр-кт, дом № 266, корпус В, квартира 2.10;Джурмат Арноби;79011115281
"Общество с ограниченной ответственностью Микрокредитная компания ""Частный кредит""";7802748442;196135, Санкт-Петербург г, Лиговский пр-кт, дом № 266, корпус В, квартира 2.10;Филипп Тревор;79011115293
"ООО ""СТРОЙДОМ""";6027176161;196135, Санкт-Петербург г, Лиговский пр-кт, дом № 266, корпус В, квартира 2.10;Константин Егоров;79011115305
"ЗАО ""ИПК ""Северный Вал""";7813360010;196211, г. Санкт-Петербург, пр.Космонавтов д.37-850;Дмитрий Лапин;79011115317
"ООО ""ТД ""ЦОТ""";7838043439;196240, Санкт-Петербург г, Предпортовая ул, дом № 4, корпус Д;Джурмат Арноби;79011115329
"ООО ""ППР""";7743036465;196240, Санкт-Петербург г, Предпортовая ул, дом № 4, корпус Д;Константин Егоров;79011115341
"ООО ""Плитстройторг""";3662061226;196240, Санкт-Петербург г, Предпортовая ул, дом № 4, корпус Д;Дмитрий Лапин;79011115353
"ООО ""ПТКС""";7811626874;197101, Санкт-Петербург г, Большая Пушкарская ул, дом № 39, литера А, помещение 8-Н, офис 1;Джурмат Арноби;79011115365
"ООО ""СТАЛЬ ИНВЕСТ""";7806296959;197101, Санкт-Петербург г, Мира ул, дом № 28, квартира 27;Филипп Тревор;79011115377
ФГБУЗ КБ № 33 ФМБА;3651001578;197101, Санкт-Петербург г, Мира ул, дом № 28, квартира 27;Константин Егоров;79011115389
"ООО ""БАЙКАЛ-СЕРВИС ВОРОНЕЖ""";3664129374;197101, Санкт-Петербург г, Чапаева ул, дом № 15, корпус Лит. А;Дмитрий Лапин;79011115401
"ООО ""Нововоронежская АЭС-Авто""";3651008478;197110, Санкт-Петербург г, Глухая Зеленина ул, дом № 2, литера А, помещение 15Н;Джурмат Арноби;79011115413
"ООО ""Нововоронежская типография""";3651009295;197110, Санкт-Петербург г, Глухая Зеленина ул, дом № 2, литера А, помещение 15Н;Константин Егоров;79011115425
"ООО ""МастерОК""";3651008862;197183, Санкт-Петербург г, Полевая Сабировская ул, дом № 3, корпус А;Дмитрий Лапин;79011115437
"ООО ""ТД ""ЭЛЕКТРОТЕХМОНТАЖ""";7804526950;197183, Санкт-Петербург г, Полевая Сабировская ул, дом № 3, корпус А;Джурмат Арноби;79011115449
"ООО ""ЛЕРУА МЕРЛЕН ВОСТОК""";5029069967;197183, Санкт-Петербург г, Сестрорецкая ул, дом № 8, литера А;Филипп Тревор;79011115461
"ООО ""ДНС РИТЕЙЛ""";2540167061;197183, Санкт-Петербург г, Сестрорецкая ул, дом № 8, литера А;Константин Егоров;79011115473
"ООО ""КОМУС""";7721793895;197198, Российская Федерация, г. Санкт-Петербург, пр. Добролюбова д.16 корп.2, лит. А;Дмитрий Лапин;79011115485
"ООО ТПК ""СТРОЙМАШСЕРВИС""";3665149447;197198, Санкт-Петербург г, Добролюбова пр-кт, дом № 16, литер 2А, помещение 54Н;Джурмат Арноби;79011115497
"ЧОУ ДПО ""УЦ ""АКАДЕМИЯ БЕЗОПАСНОСТИ""";3701995085;197227, Санкт-Петербург г, Комендантский пр-кт, дом № 12, корпус 1, кв.173;Константин Егоров;79011115509
"ООО ""СП-ТЕХНИКА""";7811710565;197227, Санкт-Петербург г, Комендантский пр-кт, дом № 4, корпус А, квартира 520;Дмитрий Лапин;79011115521
"ООО ПО ""ЦЕНТР-ПОЛИМЕР""";3663131437;197227, Санкт-Петербург г, Комендантский пр-кт, дом № 4, корпус А, квартира 520;Филипп Тревор;79011115545
"ООО ""Окна-Строй""";7841479190;197227, Санкт-Петербург г, Сизова пр-кт, дом № 2, корпус А;Константин Егоров;79011115557
"АО ""ТЭК-Торг""";7704824695;197227, Санкт-Петербург г, Сизова пр-кт, дом № 2, корпус А;Дмитрий Лапин;79011115569
"Акционерное общество ""АтомКапитал""";7706792008;197227, Санкт-Петербург г, Сизова пр-кт, дом № 2, корпус А;Джурмат Арноби;79011115581
"ООО ""АРМАДА ПМ""";4704104250;197342, Санкт-Петербург г, Белоостровская ул, дом № 22;Константин Егоров;79011115593
"ООО ""РУСЭЛПРОМ. ЭЛЕКТРИЧЕСКИЕ МАШИНЫ""";9729066278;197342, Санкт-Петербург г, Белоостровская ул, дом № 22;Дмитрий Лапин;79011115605
"АНО ДПО ""ЕЦПК""";7810436920;197342, Санкт-Петербург г, Красногвардейский пер, дом № 23, литера Ф;Джурмат Арноби;79011115617
"ООО ""Догма""";7810744297;197342, Санкт-Петербург г, Торжковская ул, дом № 5;Филипп Тревор;79011115629
"ЧОУДПО ""СЗЦКЗИ""";7802330983;197348, Санкт-Петербург г, Генерала Хрулёва ул, дом № 8;Константин Егоров;79011115641
"ООО ""Спецкрепеж""";7802766882;197349, Санкт-Петербург г, Автобусная ул, дом № 6, корпус А;Дмитрий Лапин;79011115653
"ООО ""МАСТЕР М""";7724477739;197349, Санкт-Петербург г, Автобусная ул, дом № 6, корпус А;Джурмат Арноби;79011115665
"ООО ""ЭЛИН-ТЕХНО СПб""";7801426234;197349, Санкт-Петербург г, Макулатурный проезд, дом № 5, корпус 3;Константин Егоров;79011115677
"ООО ""ВЕЗЁМВСЕМ""";7839088009;197372, Санкт-Петербург г, Богатырский пр-кт, дом № 32, корпус 1 Литера А, помещение 6-Н;Дмитрий Лапин;79011115689
"ЧОУ ""Центр профессионального развития ""Аскон""";7839290462;197372, Санкт-Петербург г, Богатырский пр-кт, дом № 32, корпус 1 Литера А, помещение 6-Н;Джурмат Арноби;79011115701
"ООО ""1000 мелочей""";4704057890;197375, Санкт-Петербург г, Автобусная ул, дом № 3, лит А, пом.1Н;Филипп Тревор;79011115713
СЕВЕРО-ЗАПАДНЫЙ ФИЛИАЛ ПАО РОСБАНК;7730060164;198095, Санкт-Петербург г, Михайловский пер, дом № 7А, литера А, помещение 4-Н;Константин Егоров;79011115725
"ООО ""Кран-эксперт""";7816643048;198095, Санкт-Петербург г, Михайловский пер, дом № 7А, литера А, помещение 4-Н;Дмитрий Лапин;79011115737
"ООО ""АртПро""";7841073715;198095, Санкт-Петербург г, Михайловский пер, дом № 7А, литера А, помещение 4-Н;Джурмат Арноби;79011115749
"ООО ""БЕНЗОЛИДЕР""";7804582785;198095, СПб, ул. Швецова, д. 19, лит. А, пом. 12-Н;Константин Егоров;79011115761
"ООО ""Карамель""";7805731863;198095, СПб, ул. Швецова, д. 19, лит. А, пом. 12-Н;Дмитрий Лапин;79011115773
"ООО ""ПК""";4704082166;198152, Санкт-Петербург г, Автовская ул, дом № Дом 16, корпус Корпус Литер А;Джурмат Арноби;79011115785
"ООО ""Клевер""";7839103793;198152, Санкт-Петербург г, Автовская ул, дом № Дом 16, корпус Корпус Литер А;Филипп Тревор;79011115797
"АО ""ВЕ-ЛАБ""";7724921425;198152, Санкт-Петербург г, Автовская ул, дом № Дом 16, корпус Корпус Литер А;Константин Егоров;79011115809
"ООО ""РЕЗОЛЮТ""";7802647300;198188, Российская Федерация, г. Санкт-Петербург, ул. Броневая, д.6 литера Б;Дмитрий Лапин;79011115821
"ООО ""Кронверк сервис""";7816195830;198206, Санкт-Петербург г, Петергофское ш, дом № 73, литера У, офис 405-1;Джурмат Арноби;79011115833
"ООО ""Контур""";7820308701;198206, Санкт-Петербург г, Петергофское ш, дом № 73, литера У, офис 405-1;Константин Егоров;79011115845
"ООО ""СТРОЙМАСТЕР""";6027189361;198215, Санкт-Петербург г, Новаторов б-р, дом № 94;Дмитрий Лапин;79011115857
"ООО ""КРАСМЕХАНИКА""";7805727289;198216, Санкт-Петербург г, Ленинский пр-кт, дом № 140, литера А, помещение 17Н;Джурмат Арноби;79011115869
"ООО ""Прямые руки""";7816319355;198303, Санкт-Петербург г, Маршала Жукова пр-кт, дом № 26/16, помещение 38-Н, офис 1;Константин Егоров;79011115893
"ООО ""Деловые линии""";7826156685;198303, Санкт-Петербург г, Маршала Жукова пр-кт, дом № 26/16, помещение 38-Н, офис 1;Дмитрий Лапин;79011115905
"ООО ""Тендент""";7814302050;198303, Санкт-Петербург г, Маршала Жукова пр-кт, дом № 26/16, помещение 38-Н, офис 1;Джурмат Арноби;79011115917
"ООО ""Пулковская логистическая компания""";7810473590;198303, Санкт-Петербург г, Маршала Жукова пр-кт, дом № 28, корпус 3, квартира 137;Константин Егоров;79011115929
"ООО ""Дорожный ангел""";7816396720;198303, Санкт-Петербург г, Маршала Жукова пр-кт, дом № 28, корпус 3, квартира 137;Дмитрий Лапин;79011115941
"ООО ""МоторХэлс""";6143064740;198320, Санкт-Петербург г, Красное Село г, Свободы ул, дом № 48;Джурмат Арноби;79011115953
"ООО ""Промышленник-Ростов""";6168033173;198320, Санкт-Петербург г, Красное Село г, Свободы ул, дом № 48;Филипп Тревор;79011115965
"ООО ""Быт-строй""";6155080955;198516, Санкт-Петербург г, Петергоф г, Конно-Гренадерская ул, дом № 1, литера А;Дмитрий Лапин;79011115989
"ООО ""НПП Мицар""";7816638224;198516, Санкт-Петербург г, Петергоф г, Конно-Гренадерская ул, дом № 1, литера А;Джурмат Арноби;79011116001
"ООО ""Фастфастенерс""";7802696473;199004, Санкт-Петербург г, 3-я линия В.О., дом № 34, корпус А;Константин Егоров;79011116013
"ООО ""Портативная техника""";7838330803;199004, Санкт-Петербург г, 6-я В.О. линия, дом № 45, литера Б;Дмитрий Лапин;79011116025
"ООО ""Промышленная комплектация""";7453320516;199004, Санкт-Петербург г, 6-я В.О. линия, дом № 45, литера Б;Джурмат Арноби;79011116037
"ООО ТД ""ГАЛЕОН""";5406983520;199004, Санкт-Петербург г, 8-я В.О. линия, дом № 21/29, литера А, помещение 1Н;Филипп Тревор;79011116049
"ООО ""Эдельвейс""";7806316700;199004, Санкт-Петербург г, 8-я В.О. линия, дом № 21/29, литера А, помещение 1Н;Константин Егоров;79011116061
"ООО ""РегионСеверСнаб""";5406587798;199004, Санкт-Петербург г, 8-я В.О. линия, дом № 21/29, литера А, помещение 1Н;Дмитрий Лапин;79011116073
"ООО ""СофтЛайн Интернет Трейд""";7736542069;199106, Санкт-Петербург г, 26-я В.О. линия, дом № 1, корпус 2, литера А, помещение 18-Н, офис 6;Джурмат Арноби;79011116085
"ООО ""ЛЗМ МГ""";7811724832;199106, Санкт-Петербург г, 26-я В.О. линия, дом № 1, корпус 2, литера А, помещение 18-Н, офис 6;Константин Егоров;79011116097
"ООО ""Дон-строй-ком""";6137000731;199106, Санкт-Петербург г, 26-я В.О. линия, дом № 1, корпус 2, литера А, помещение 18-Н, офис 6;Дмитрий Лапин;79011116109
"ООО ""Фрэйм78""";7810769767;199106, Санкт-Петербург, линия Кожевенная, д.34 оф.506;Филипп Тревор;79011116133
"ООО """"А5""";5405503636;199155, Санкт-Петербург г, Железноводская ул, дом № 17/5, литера Д;Константин Егоров;79011116145
"ООО ""МСУ-50""";7530009410;199155, Санкт-Петербург г, Железноводская ул, дом № 17/5, литера Д;Дмитрий Лапин;79011116157
"ООО ""СнабРент-БГБ""";7814751841;199155, Санкт-Петербург г, Железноводская ул, дом № 17/5, литера Д;Джурмат Арноби;79011116169
"ООО ""Сиеста""";7801336206;199155, Санкт-Петербург г, Железноводская ул, дом № 17/5, литера Д;Константин Егоров;79011116181
ФИЛИАЛ АКЦИОНЕРНОГО ОБЩЕСТВА СЕКРЕТАН ТРОЯНОВ ШЕР СА В Г. МОСКВЕ;9909017696;199155, Санкт-Петербург г, Железноводская ул, дом № 17/5, литера Д;Дмитрий Лапин;79011116193
"ООО ""ПРОФСТРОЙ""";6027202975;199155, Санкт-Петербург г, Железноводская ул, дом № 17/5, литера Д;Джурмат Арноби;79011116205
"ООО ""Мобильные дома""";4632215495;199178, Санкт-Петербург г, 12-Я В.о. линия, дом № 55/20, корпус А, квартира 5Н;Дмитрий Лапин;79011116241
"ООО ""Сертум-Про"" ";6673240328;199178, Санкт-Петербург г, 16-я В.О. линия, дом № 49, литера В, помещение 3-Н, офис 17;Джурмат Арноби;79011116253
"АО ""Ремтехкомплект""";6674120898;199178, Санкт-Петербург г, 16-я В.О. линия, дом № 49, литера В, помещение 3-Н, офис 17;Константин Егоров;79011116265
"ООО ""ТТВ""";7805278097;199178, Санкт-Петербург г, 16-я В.О. линия, дом № 49, литера В, помещение 3-Н, офис 17;Дмитрий Лапин;79011116277
"ООО ""Объект-Воронеж""";3665117237;199406, Санкт-Петербург г, Гаванская ул, дом № 41, квартира 63;Джурмат Арноби;79011116289
"ООО ""ТехноНИКОЛЬ""";3811066336;199406, Санкт-Петербург г, Гаванская ул, дом № 41, квартира 63;Филипп Тревор;79011116301
"ООО ""Центр медиации и переговоров ""М2В""";6316258261;199406, Санкт-Петербург г, Гаванская ул, дом № 41, квартира 63;Константин Егоров;79011116313
"ООО ""Что делать Интеграция""";7842117940;199406, Санкт-Петербург г, Гаванская ул, дом № 48 лит А, пом.3-Н;Дмитрий Лапин;79011116325
"ООО ""БизнесЮрист""";2466275808;199406, Санкт-Петербург г, Гаванская ул, дом № 48 лит А, пом.3-Н;Джурмат Арноби;79011116337
"ООО ""Все насосы""";7811597782;199406, Санкт-Петербург г, Шевченко ул, дом № 29, лит.А, пом.9Н;Константин Егоров;79011116349
"ОБЩЕСТВО С ОГРАНИЧЕННОЙ ОТВЕТСТВЕННОСТЬЮ ""ДИРЕКЦИЯ ПРОИЗВОДСТВЕННОГО АЛЬПИНИЗМА""";9719021447;300026, Тульская обл, Тула г, Южный 2-й проезд, дом № 11, оф.1;Дмитрий Лапин;79011116361
"ООО ""А Консалт""";7811613297;300026, Тульская обл, Тула г, Южный 2-й проезд, дом № 11, оф.1;Джурмат Арноби;79011116373
"ООО ""ЦЕНТР КОМПЛЕКСНОГО РАЗВИТИЯ ""КРОН""";9725080948;300036, Тульская обл, Тула, Одоевское ш, дом № 67;Филипп Тревор;79011116385
"ООО ""ЮФ ""Логос"" ";7840365634;300036, Тульская обл, Тула, Одоевское ш, дом № 67;Константин Егоров;79011116397
"ООО ""РЦ ОБИ""";7802330824;300600, г.Тула, ул.Тимирязева, дом №99 В;Дмитрий Лапин;79011116409
"СЗОФ ООО ""СК ""Согласие""";7706196090;300600, г.Тула, ул.Тимирязева, дом №99 В;Джурмат Арноби;79011116421
"ООО ""Спринг-Охранные Системы Петербург""";7842334261;301245, Тульская обл, Щекинский р-н, Щекино г, Декабристов ул, дом № 45А;Константин Егоров;79011116433
"Акционерное Общество ""ВЭБ-лизинг""";7709413138;301245, Тульская обл, Щекинский р-н, Щекино г, Декабристов ул, дом № 45А;Дмитрий Лапин;79011116445
"Филиал ПАО СК ""Росгосстрах"" в Москве и Московской области";7707067683;301245, Тульская обл, Щекинский р-н, Щекино г, Декабристов ул, дом № 45А;Джурмат Арноби;79011116457
"ООО ""К-2""";7810448724;302026, г. Орел, пер.Соляной, д.11;Филипп Тревор;79011116469
ООО «Спецстройизоляция»;7806257660;302026, г. Орел, пер.Соляной, д.11;Константин Егоров;79011116481
«Русатом Инфраструктурные решения» (АО «РИР»);7706757331;302029, Орловская обл, Орел, Паровозная, дом № 69, кв.28;Дмитрий Лапин;79011116493
"ЗАО ""Сбербанк - АСТ""";7707308480;302029, Орловская обл, Орел, Паровозная, дом № 69, кв.28;Джурмат Арноби;79011116505
"ПАО ""Совкомбанк""";4401116480;302040, г.Орел, ул.Лескова, д.19;Константин Егоров;79011116517
Государственное бюджетное общеобразовательное учреждение гимназия №402 Колпинского района Санкт-Петербурга;7817033567;302040, г.Орел, ул.Лескова, д.19;Дмитрий Лапин;79011116529
"Ассоциация ""ОСМ""";7841291061;327-84-17;Джурмат Арноби;79011116541
"АНО ДПО ""Учебный комбинат""";7805328990;344090, Ростовская обл, Ростов-на-Дону г, 1-й Машиностроительный пер, дом № 3А, офис 14;Константин Егоров;79011116565
Комитет финансов Санкт-Петербурга (Контрольно-счетная палата Санкт-Петербурга, л/счет 0920000);7838468985;346466, Ростовская обл, Октябрьский р-н, Кривянская ст-ца, Школьная ул, дом № 48;Дмитрий Лапин;79011116577
"ГУП ВЦКП ""Жилищное хозяйство""";7825402384;346466, Ростовская обл, Октябрьский р-н, Кривянская ст-ца, Школьная ул, дом № 48;Джурмат Арноби;79011116589
"АО ""Петроэлектросбыт""";7812013775;346466, Ростовская обл, Октябрьский р-н, Кривянская ст-ца, Школьная ул, дом № 48;Константин Егоров;79011116601
"Комитет финансов Санкт-Петербурга (Санкт-Петербургское государственное казенное учреждение ""Жилищное агентство Калининского района Санкт-Петербурга""";7804070681;347388, Ростовская обл, Волгодонск г, Волгодонск-28, Старое здание дирекции Волгодонской АЭС, помещение 27;Дмитрий Лапин;79011116613
УФК по г.Санкт-Петербургу (Арбитражный суд города Санкт-Петербурга и Ленинградской области, л/сч 05721А90650);7812033997;347388, Ростовская обл, Волгодонск г, Волгодонск-28, Старое здание дирекции Волгодонской АЭС, помещение 27;Джурмат Арноби;79011116625
"ООО ""Центр судебных экспертиз Северо-Западного округа""";7842362188;350911, Россия , г. Краснодар, ул.Трамвайная , дом № 5;Филипп Тревор;79011116637
"ПАО ""МОСКОВСКИЙ КРЕДИТНЫЙ БАНК""";7734202860;350911, Россия , г. Краснодар, ул.Трамвайная , дом № 5;Константин Егоров;79011116649
"ПАО Банк ""ФК Открытие""";7706092528;350911, Россия , г. Краснодар, ул.Трамвайная , дом № 5;Дмитрий Лапин;79011116661
УФК по г. Санкт-Петербургу (ОСП по Центральному району  г. Санкт-Петербурга УФССП России по Санкт-Петербургу  л/с 05721F93260);7838027691;352800, г.Туапсе, ул.Красной Армии д.6;Джурмат Арноби;79011116673
ЧИТИНСКОЕ ОТДЕЛЕНИЕ  N8600 ПАО СБЕРБАНК;7707083893;352800, г.Туапсе, ул.Красной Армии д.6;Константин Егоров;79011116685
"Санкт-Петербургский филиал АО ""АЛЬФАСТРАХОВАНИЕ""";7713056834;390000, Рязанская обл, Рязань г, Восточный промузел тер, строение 1;Дмитрий Лапин;79011116697
"ПАО ""Промсвязьбанк""";7744000912;390011, Рязанская обл, Рязань г, 196 километр (Окружная дорога) дор, строение 6;Филипп Тревор;79011116721
"СПАО ""Ингосстрах""";7705042179;390011, Рязанская обл, Рязань г, Пугачева ул, дом № 11/19, кв.121;Константин Егоров;79011116733
ООО «Главный Мостостроительный Трест № 6»;7804131687;390011, Рязанская обл, Рязань г, Ряжское ш, дом № 14;Дмитрий Лапин;79011116745
"Союз ""Санкт-Петербургская Торгово-Промышленная Палата""";7803025333;390035, Рязанская обл, Рязань г, Черновицкая ул, дом № 29, строение 3;Дмитрий Лапин;79011116781
"АО ""ЕИРЦ Петроэлектросбыт""";7804678720;390039, Рязанская обл, Рязань г, Бирюзова ул, дом № 8, корпус 1, кв.38;Филипп Тревор;79011116805
"АО ""ВЦКП ""Жилищное хозяйство""";7840095226;390042, г.Рязань, ул.Промышленная стр.9;Константин Егоров;79011116817
"АО КБ ""Модульбанк""";2204000595;390042, г.Рязань, ул.Промышленная стр.9;Дмитрий Лапин;79011116829
Общероссийская общественная организация - Федерация альпинизма России;7704178314;390042, Рязанская обл, Рязань г, Промышленная ул, дом № 9;Джурмат Арноби;79011116841
"АССОЦИАЦИЯ ""СИЛА""";9705010068;390042, Рязанская обл, Рязань г, Промышленная ул, дом № 9;Константин Егоров;79011116853
"ООО ""СК ""СЕВЕРСТРОЙ СПБ""";7801638430;390047, Россия, г.Рязань, п.Соколовка, а/я 42;Дмитрий Лапин;79011116865
"ООО ""СТРОИТЕЛЬНЫЙ АЛЬЯНС ""ВЕЛЛДОРИС""";7838308710;391500, Рязанская обл, Шиловский р-н, Шилово рп, Рязанская ул;Джурмат Арноби;79011116877
"ООО ""Р.И.М.""";7814319913;392000, Тамбовская обл, г.Тамбов , Рылеева, дом № 71 Д, квартира 197;Филипп Тревор;79011116889
"ООО ""МАСТЕРСОЮЗ""";4705052936;392000, Тамбовская обл, г.Тамбов , Рылеева, дом № 71 Д, квартира 197;Константин Егоров;79011116901
"ООО ""МП ВИКТОРИЯ""";7840343221;392000, Тамбовская обл, г.Тамбов , Рылеева, дом № 71 Д, квартира 197;Дмитрий Лапин;79011116913
"ООО ""ЛДСК""";7805552462;394019, Воронежская обл, Воронеж г, Машиностроителей ул, дом № 20, квартира Офис 16;Джурмат Арноби;79011116925
"ООО ""БАЛТИЙСКАЯ МЕХАНИКА""";7801309989;394019, Воронежская обл, Воронеж г, Машиностроителей ул, дом № 20, квартира Офис 16;Константин Егоров;79011116937
"ООО ""АЛЬФА ИНЖИНИРИНГ""";7841030976;394019, Воронежская обл, Воронеж г, Машиностроителей ул, дом № 20, квартира Офис 16;Дмитрий Лапин;79011116949
"ООО ""ГЛОБАЛТЕХНО""";3528256976;396072, Воронежская обл, г Нововоронеж, ул Набережная, д. 46, кв. 27;Джурмат Арноби;79011116961
"ООО ""АНТЕЙ""";5190062354;396072, Воронежская обл, г Нововоронеж, ул Набережная, д. 46, кв. 27;Филипп Тревор;79011116973
"ООО ""НАТУРАЛЬНЫЙ ДЕКОР""";7802567196;396072, Воронежская обл, г Нововоронеж, ул Набережная, д. 46, кв. 27;Константин Егоров;79011116985
"ООО ""Регион""";3666199480;420111, Татарстан Респ, Казань, Университетская, дом № 14;Дмитрий Лапин;79011116997
"ООО ""СТРОЙ-ИНВЕСТ""";7810424949;426076, Удмуртская Респ, Ижевск г, Пушкинская ул, дом № 148;Джурмат Арноби;79011117009
"ООО ""АСК""";7816328014;426076, Удмуртская Респ, Ижевск г, Пушкинская ул, дом № 148;Константин Егоров;79011117021
"ООО ""РАЛЛИ""";7713422287;440046, Пензенская обл, Пенза г, Мира ул, дом № 35, офис 2;Дмитрий Лапин;79011117033
"ООО ""ЭЛИС""";7840062453;440046, Пензенская обл, Пенза г, Мира ул, дом № 35, офис 2;Джурмат Арноби;79011117045
"ООО ""ЭСКОС""";5903130560;440046, Пензенская обл, Пенза г, Мира ул, дом № 35, офис 2;Филипп Тревор;79011117057
"ООО ""ПЕТРОСТРОЙ""";7842132522;454084, Челябинская обл, Челябинск г, Победы пр-кт, дом № 177, квартира 309;Константин Егоров;79011117069
"ООО ""Гарантстрой""";7840065239;454084, Челябинская обл, Челябинск г, Победы пр-кт, дом № 177, квартира 309;Дмитрий Лапин;79011117081
"ООО ""ВИКИ""";7840065775;454084, Челябинская обл, Челябинск г, Победы пр-кт, дом № 177, квартира 309;Джурмат Арноби;79011117093
"ООО ""СТРОЙ-СЕРВИС""";7841059397;454138, Челябинская обл, Челябинск г, Молодогвардейцев ул, дом № Дом 7, квартира Помещение 102;Константин Егоров;79011117105
"ООО""ФАТ-Элис""";7805536990;454138, Челябинская обл, Челябинск г, Молодогвардейцев ул, дом № Дом 7, квартира Помещение 102;Дмитрий Лапин;79011117117
"ООО ""Балтийская проектно-строительная компания""";7838039760;454138, Челябинская обл, Челябинск г, Молодогвардейцев ул, дом № Дом 7, квартира Помещение 102;Джурмат Арноби;79011117129
"ООО ""МегаТорг""";7839460058;460019, Оренбургская обл, Оренбург г, Шарлыкское ш, дом № 1/2;Филипп Тревор;79011117141
"ООО ""Фезана""";7807120066;460019, Оренбургская обл, Оренбург г, Шарлыкское ш, дом № 1/2;Константин Егоров;79011117153
"ООО ""АЛЬЯНС ПЛЮС""";7811640100;614033, Пермский край, Пермь г, Василия Васильева ул, дом № 3, квартира 17;Дмитрий Лапин;79011117165
"ООО ""Скайфор""";7816642157;614033, Пермский край, Пермь г, Василия Васильева ул, дом № 3, квартира 17;Джурмат Арноби;79011117177
ГАММА ООО;6167138913;614068, Пермский край, Пермь г, Сергея Данщина ул, дом № 7, офис 408;Константин Егоров;79011117189
"ООО ""ПЕНЗА ТРАНС""";5837070115;614068, Пермский край, Пермь г, Сергея Данщина ул, дом № 7, офис 408;Дмитрий Лапин;79011117201
"ООО ""Фаворит""";7816343206;614068, Пермский край, Пермь г, Сергея Данщина ул, дом № 7, офис 408;Джурмат Арноби;79011117213
"ООО ""Кастоку""";7722848829;614990, г.Пермь, пр-т Комсомольский, д.48;Филипп Тревор;79011117225
"ООО ""Евростиль""";7839075850;620075, Свердловская обл, Екатеринбург г, Первомайская ул, дом № 15, квартира Офис 702А;Константин Егоров;79011117237
"ООО ""БИЗНЕСТРАНС""";7816642132;620075, Свердловская обл, Екатеринбург г, Первомайская ул, дом № 15, квартира Офис 702А;Дмитрий Лапин;79011117249
"ООО ""АРГОН""";7805709836;620075, Свердловская обл, Екатеринбург г, Первомайская ул, дом № 15, квартира Офис 702А;Джурмат Арноби;79011117261
"Общество с ограниченной ответсвенностью ""АТЭКСО""";7805710422;626150, Тюменская обл., г. Тобольск, ул.3-я Северная, дом 20, офис 4;Константин Егоров;79011117273
"ООО ""РА ""Максимус""";7813285034;626150, Тюменская обл., г. Тобольск, ул.3-я Северная, дом 20, офис 4;Дмитрий Лапин;79011117285
"ООО ""КРОНА""";3528265473;627114, Тюменская обл, Заводоуковский р-н, Першино с, Центральная ул, дом № 21;Джурмат Арноби;79011117297
"ООО ""ЭКОС""";3528273837;627114, Тюменская обл, Заводоуковский р-н, Першино с, Центральная ул, дом № 21;Филипп Тревор;79011117309
"ООО ""Стандарт""";7807148801;628600, Ханты-Мансийский Автономный Округ - Югра АО, Нижневартовск г, Ленина ул, дом № 2П, корпус 9;Константин Егоров;79011117321
"ООО ""СЕТЬ""";3528275440;628600, Ханты-Мансийский Автономный Округ - Югра АО, Нижневартовск г, Ленина ул, дом № 2П, корпус 9;Дмитрий Лапин;79011117333
"ООО ""Илим""";7804608458;628616, Ханты-Мансийский Автономный Округ - Югра АО, Нижневартовск г, Мжк п, дом № 11;Джурмат Арноби;79011117345
"ООО ""Игромир""";7804608419;628616, Ханты-Мансийский Автономный Округ - Югра АО, Нижневартовск г, Мжк п, дом № 11;Константин Егоров;79011117357
"ООО ""СМП Сити""";5024175672;628616, Ханты-Мансийский Автономный Округ - Югра АО, Нижневартовск г, Мжк п, дом № 11;Дмитрий Лапин;79011117369
"ООО ""ВИНЕР""";7722413715;628634, Российская Федерация, Тюменская область, Ханты-Мансийский автономный округ - Югра, Нижневартовский район, поселок Излучинск, Промзона, Нижневартовская ГРЭС;Джурмат Арноби;79011117381
"ООО ""Аргон""";7839506506;628634, Ханты-Мансийский Автономный Округ - Югра АО, Нижневартовский р-н, Излучинск пгт, дом № Вахтовый Поселок Строителей №2, корпус Су 2;Филипп Тревор;79011117393
"ООО ""ОПЛОТ""";3528278722;628634, Ханты-Мансийский Автономный Округ - Югра АО, Нижневартовский р-н, Излучинск пгт, дом № Вахтовый Поселок Строителей №2, корпус Су 2;Константин Егоров;79011117405
"ООО ""КАНЦСИТИ""";7801335562;628634, Ханты-Мансийский Автономный Округ - Югра АО, Нижневартовский р-н, Излучинск пгт, дом № Вахтовый Поселок Строителей №2, корпус Су 2;Дмитрий Лапин;79011117417
"ООО ""ЛИОН""";7802640255;629602, Ямало-Ненецкий АО, Муравленко г, Губкина ул, дом № 32;Джурмат Арноби;79011117429
"ООО ""Малыш""";5609186400;629602, Ямало-Ненецкий АО, Муравленко г, Губкина ул, дом № 32;Константин Егоров;79011117441
"ООО ""Орион""";5611080633;629602, Ямало-Ненецкий АО, Муравленко г, Губкина ул, дом № 32;Дмитрий Лапин;79011117453
"ООО ""Коопторгсервис""";7839086611;629602, Ямало-Ненецкий АО, Муравленко г, Губкина ул, дом № 32;Джурмат Арноби;79011117465
"ООО ""Магистралекс""";7810349681;664035, Иркутская обл, Иркутск, Сурнова, дом № 22, корпус 7;Филипп Тревор;79011117477
"ООО ""Авангард""";7810344651;664035, Иркутская обл, Иркутск, Сурнова, дом № 22, корпус 7;Константин Егоров;79011117489
"ООО ""Трансэйр-Сервис""";7810355621;664043, РФ, г. Иркутск, ул.Ракитная 18-д;Дмитрий Лапин;79011117501
"ООО ""Стандарт""";5609187604;664050, Иркутская обл, Иркутск, Байкальская ул, дом № 291, кв.410;Джурмат Арноби;79011117513
"ООО ""Бенгала""";7734388372;665816, Иркутская обл, Ангарск г, Ленинградский пр-кт, дом № 6, кв.75;Константин Егоров;79011117525
"ООО ""Стройтех""";3528284067;665816, Иркутская обл, Ангарск г, Ленинградский пр-кт, дом № 6, кв.75;Дмитрий Лапин;79011117537
"ООО ""Норд""";7842144790;670033, Бурятия Респ, г.Улан-Удэ, ул. Крылова, дом № 3А;Джурмат Арноби;79011117549
"ООО ""Бизон""";7802651553;670033, Бурятия Респ, г.Улан-Удэ, ул. Крылова, дом № 3А;Филипп Тревор;79011117561
"ООО ""Управляющая жилищная компания ""Территория""";3528159073;670045, Бурятия Респ, г.Улан-Удэ, Трактовая, дом № 1Д;Константин Егоров;79011117573
"ООО ""Притула""";7801346885;670045, Бурятия Респ, г.Улан-Удэ, Трактовая, дом № 1Д;Дмитрий Лапин;79011117585
"ООО ""Строительная компания ""Дабл-Ю""";7805541380;670045, Бурятия Респ, Улан-Удэ г, Автомобилистов пр-кт, дом № 4а;Джурмат Арноби;79011117597
"ООО ""Стриж""";3528283465;670045, РФ, Бурятия, г.Улан-Удэ, пр.Автомобилистов, д. 16, каб.16;Константин Егоров;79011117609
